{"lr": 0.0019819639278557113, "data_time": 0.046925106048583985, "loss": 2.285828413963318, "loss_cls": 1.2142824244499206, "loss_bbox": 1.0715459954738618, "time": 0.409731388092041, "epoch": 1, "iter": 50, "memory": 10904, "step": 50}
{"lr": 0.0039839679358717435, "data_time": 0.02557187557220459, "loss": 1.9207669186592102, "loss_cls": 1.1874180960655212, "loss_bbox": 0.7333488202095032, "time": 0.3366054058074951, "epoch": 1, "iter": 100, "memory": 10902, "step": 100}
{"lr": 0.005985971943887774, "data_time": 0.023808603286743165, "loss": 1.9122718501091003, "loss_cls": 1.1790209650993346, "loss_bbox": 0.7332508814334869, "time": 0.3354771566390991, "epoch": 1, "iter": 150, "memory": 10902, "step": 150}
{"lr": 0.007987975951903804, "data_time": 0.023823304176330565, "loss": 1.8460373210906982, "loss_cls": 1.1712850999832154, "loss_bbox": 0.6747522306442261, "time": 0.33915607452392577, "epoch": 1, "iter": 200, "memory": 10902, "step": 200}
{"data_time": 0.0017341632909421277, "time": 0.04532981221607028, "step": 1}
{"lr": 0.011791783567134248, "data_time": 0.036201372146606445, "loss": 1.8407087302207947, "loss_cls": 1.1581380462646484, "loss_bbox": 0.6825706923007965, "time": 0.35462703704833987, "epoch": 2, "iter": 295, "memory": 10905, "step": 295}
{"lr": 0.013793787575150276, "data_time": 0.023849077224731445, "loss": 1.766521191596985, "loss_cls": 1.0952738416194916, "loss_bbox": 0.6712473511695862, "time": 0.3338237524032593, "epoch": 2, "iter": 345, "memory": 10905, "step": 345}
{"lr": 0.015795791583166303, "data_time": 0.022439584732055665, "loss": 1.5897568082809448, "loss_cls": 0.9494742727279664, "loss_bbox": 0.6402825367450714, "time": 0.33190676212310793, "epoch": 2, "iter": 395, "memory": 10905, "step": 395}
{"lr": 0.017797795591182334, "data_time": 0.027263493537902833, "loss": 1.4900564861297607, "loss_cls": 0.8681378722190857, "loss_bbox": 0.6219186294078827, "time": 0.3401474380493164, "epoch": 2, "iter": 445, "memory": 10905, "step": 445}
{"coco/bbox_mAP": 0.002, "coco/bbox_mAP_50": 0.006, "coco/bbox_mAP_75": 0.0, "coco/bbox_mAP_s": 0.0, "coco/bbox_mAP_m": 0.004, "coco/bbox_mAP_l": 0.002, "data_time": 0.0017724657624984355, "time": 0.05144777115400847, "step": 2}
{"lr": 0.019999999999999952, "data_time": 0.031082282066345213, "loss": 1.3405082893371583, "loss_cls": 0.7983489120006562, "loss_bbox": 0.5421593701839447, "time": 0.3434036111831665, "epoch": 3, "iter": 540, "memory": 10905, "step": 540}
{"lr": 0.019999999999999952, "data_time": 0.025252876281738282, "loss": 1.2883028268814087, "loss_cls": 0.7820386397838592, "loss_bbox": 0.5062641870975494, "time": 0.3381214094161987, "epoch": 3, "iter": 590, "memory": 10905, "step": 590}
{"lr": 0.019999999999999952, "data_time": 0.026483569145202637, "loss": 1.2484662008285523, "loss_cls": 0.7615983772277832, "loss_bbox": 0.48686783134937284, "time": 0.33695909976959226, "epoch": 3, "iter": 640, "memory": 10905, "step": 640}
{"lr": 0.019999999999999952, "data_time": 0.023180341720581053, "loss": 1.2517533135414123, "loss_cls": 0.7605574595928192, "loss_bbox": 0.4911958575248718, "time": 0.33517330169677734, "epoch": 3, "iter": 690, "memory": 10905, "step": 690}
