{"data_time": 0.003945520638293785, "time": 0.27048656436800345}